scenario_id,seed,pretreatment_response,degradable_mass_loss,realised_availability,as_of,data_provenance,simulator_version
S00000,41,1.336034231770388,0.13267530170660083,1.2776288390837802,2026-10-07,synthetic,SPEC_V1
S00001,41,1.1680641559557456,0.05967585603311335,1.1408546734280123,2026-10-07,synthetic,SPEC_V1
S00002,41,1.0499255943434058,0.01280081228356029,1.0342384792819073,2026-10-07,synthetic,SPEC_V1
S00003,41,0.7215822225506158,0.08462591372685056,0.8929019603146967,2026-10-07,synthetic,SPEC_V1
S00004,41,1.1161004459547945,0.16565562459328234,1.0499339242034433,2026-10-07,synthetic,SPEC_V1
S00005,41,0.7343078460412198,0.10936719177717157,0.7791928370224337,2026-10-07,synthetic,SPEC_V1
S00006,41,1.407854424347998,0.09650213131590696,1.2691956345302033,2026-10-07,synthetic,SPEC_V1
S00007,41,1.2991482806838592,0.08029357098929712,1.2624729589923378,2026-10-07,synthetic,SPEC_V1
S00008,41,0.7,0.08907025279210448,0.7364250327993667,2026-10-07,synthetic,SPEC_V1
S00009,41,0.8065987933945794,0.023174722024248785,0.8956573586434158,2026-10-07,synthetic,SPEC_V1
S00010,41,0.9592022329452434,0.15034503669615018,0.9728023179540095,2026-10-07,synthetic,SPEC_V1
S00011,41,0.915155859018434,0.13909657195323352,0.9491488660839101,2026-10-07,synthetic,SPEC_V1
S00012,41,1.0437949553087764,0.056626134431204005,1.0393203069420718,2026-10-07,synthetic,SPEC_V1
S00013,41,1.029056691131096,0.14026681873595412,1.0173577686983108,2026-10-07,synthetic,SPEC_V1
S00014,41,1.2051000450965974,0.05539418292206369,1.1346850996852496,2026-10-07,synthetic,SPEC_V1
S00015,41,1.344838315810939,0.17368260107190037,1.109981596852139,2026-10-07,synthetic,SPEC_V1
S00016,41,0.8079069749751765,0.020705381693597463,0.8335668397152951,2026-10-07,synthetic,SPEC_V1
S00017,41,0.7472427897057385,0.061466524400022426,0.9750193858544077,2026-10-07,synthetic,SPEC_V1
S00018,41,0.7506364160575434,0.15680740750420427,0.7860547518716967,2026-10-07,synthetic,SPEC_V1
S00019,41,1.3314115812678298,0.0650447991664709,1.1780591869712436,2026-10-07,synthetic,SPEC_V1
S00020,41,1.0303541921849801,0.10857979880938187,1.0060832632443815,2026-10-07,synthetic,SPEC_V1
S00021,41,1.216605172657103,0.001284954360322252,1.2007545961693558,2026-10-07,synthetic,SPEC_V1
S00022,41,0.7,0.0063820334454350635,0.8833830112604245,2026-10-07,synthetic,SPEC_V1
S00023,41,0.8827164870017347,0.1364423221013324,0.9262264208739273,2026-10-07,synthetic,SPEC_V1
S00024,41,0.7444569004039359,0.11588542415396352,0.8733649140821427,2026-10-07,synthetic,SPEC_V1
S00025,41,1.3219200098890693,0.050977385680325144,1.2574280511705078,2026-10-07,synthetic,SPEC_V1
S00026,41,1.359636276365307,0.0718000547037926,1.1897324289416717,2026-10-07,synthetic,SPEC_V1
S00027,41,0.8847680004499021,0.0905891798546641,0.9733602184276868,2026-10-07,synthetic,SPEC_V1
S00028,41,0.8965831367714112,0.06811627558896947,0.9052514613710075,2026-10-07,synthetic,SPEC_V1
S00029,41,0.7,0.10712474417316074,0.8402053075295908,2026-10-07,synthetic,SPEC_V1
S00030,41,1.365603116729628,0.16773024704109926,1.2039456703610647,2026-10-07,synthetic,SPEC_V1
S00031,41,0.8737562772480443,0.12180861882235663,0.8914009904953217,2026-10-07,synthetic,SPEC_V1
S00032,41,0.9224680987427021,0.150903388333558,0.9552815410207178,2026-10-07,synthetic,SPEC_V1
S00033,41,0.8531361237972432,0.08802787861263693,0.9682482461143943,2026-10-07,synthetic,SPEC_V1
S00034,41,1.072644789163752,0.13835569614784748,1.0449311349737032,2026-10-07,synthetic,SPEC_V1
S00035,41,0.9491036759130698,0.18131142351535554,0.958927369502156,2026-10-07,synthetic,SPEC_V1
S00036,41,1.252220921139135,0.13067335714644257,1.0761117068339916,2026-10-07,synthetic,SPEC_V1
S00037,41,0.8348881637459754,0.06922101080989275,0.8880300195989815,2026-10-07,synthetic,SPEC_V1
S00038,41,1.3641980861754592,0.061196322365355285,1.277505945846229,2026-10-07,synthetic,SPEC_V1
S00039,41,0.7,0.09332227320064751,0.9458443794263625,2026-10-07,synthetic,SPEC_V1
S00040,41,0.7,0.009775069434771123,0.7241017590160567,2026-10-07,synthetic,SPEC_V1
S00041,41,0.7995338832655359,0.19989401466247483,0.8257024226619845,2026-10-07,synthetic,SPEC_V1
S00042,41,0.911274695530572,0.03557254956477073,0.9265382944546995,2026-10-07,synthetic,SPEC_V1
S00043,41,0.7217689287583258,0.17334980932428604,0.848262025753158,2026-10-07,synthetic,SPEC_V1
S00044,41,1.4128931929997615,0.0474626738628198,1.3255938891984447,2026-10-07,synthetic,SPEC_V1
S00045,41,1.3935441973643568,0.171160871736563,1.2908719699807034,2026-10-07,synthetic,SPEC_V1
S00046,41,1.3060259894119353,0.00012999620174937432,1.0596421902455067,2026-10-07,synthetic,SPEC_V1
S00047,41,0.9313153075540644,0.13929521559790742,0.966073595510072,2026-10-07,synthetic,SPEC_V1
S00048,41,0.7,0.07329021749910815,0.8809418650013959,2026-10-07,synthetic,SPEC_V1
S00049,41,1.260731049984666,0.004893353381168149,1.2391624459597634,2026-10-07,synthetic,SPEC_V1
S00050,41,1.1166736559169586,0.14155595637126261,1.1078689132439334,2026-10-07,synthetic,SPEC_V1
S00051,41,1.3693050708012908,0.13207037946699327,1.2023562043563252,2026-10-07,synthetic,SPEC_V1
S00052,41,0.9359766552990909,0.1287964975880834,0.9418243891361279,2026-10-07,synthetic,SPEC_V1
S00053,41,0.8656293247328728,0.10445720304766498,0.9546420803817967,2026-10-07,synthetic,SPEC_V1
S00054,41,1.090540925384506,0.17736943142752984,1.0516629674262168,2026-10-07,synthetic,SPEC_V1
S00055,41,1.3403060041396986,0.10194364055002665,1.1194681500241004,2026-10-07,synthetic,SPEC_V1
S00056,41,0.896866842507702,0.06799679570393934,0.9184333153714571,2026-10-07,synthetic,SPEC_V1
S00057,41,1.0808463123187084,0.18611084953276225,1.0750916443881096,2026-10-07,synthetic,SPEC_V1
S00058,41,0.7,0.18263586588458394,0.755279112836141,2026-10-07,synthetic,SPEC_V1
S00059,41,1.2442673571462608,0.008745941468122532,1.2153010314667534,2026-10-07,synthetic,SPEC_V1
S00060,41,1.2259660298258361,0.09500699140482449,1.1509422639556508,2026-10-07,synthetic,SPEC_V1
S00061,41,0.9452379398932996,0.07229194173956226,0.9690400559984415,2026-10-07,synthetic,SPEC_V1
S00062,41,0.8451633546014916,0.07843106712731637,0.9001811547068409,2026-10-07,synthetic,SPEC_V1
S00063,41,0.8466257695386228,0.1356856028022708,0.903038031729728,2026-10-07,synthetic,SPEC_V1
S00064,41,1.2547700707906302,0.0959085091495655,1.2325658592206645,2026-10-07,synthetic,SPEC_V1
S00065,41,0.7830260228560559,0.09174771781906216,0.836309656026753,2026-10-07,synthetic,SPEC_V1
S00066,41,1.4384220842957574,0.1485412041390872,1.1370429154919308,2026-10-07,synthetic,SPEC_V1
S00067,41,0.7086488320584992,0.1033425124293806,0.7405865598270316,2026-10-07,synthetic,SPEC_V1
S00068,41,0.7,0.06374808627215575,0.8281654067628708,2026-10-07,synthetic,SPEC_V1
S00069,41,0.7,0.15658341736314924,0.721430686462362,2026-10-07,synthetic,SPEC_V1
S00070,41,1.0816819138314728,0.10139777442029957,1.0587620984687818,2026-10-07,synthetic,SPEC_V1
S00071,41,0.7,0.126633332711113,0.8100083891625774,2026-10-07,synthetic,SPEC_V1
S00072,41,1.435425163910538,0.034423474250114924,1.3927455587237685,2026-10-07,synthetic,SPEC_V1
S00073,41,1.0310870265579772,0.06036884773055578,1.0084184805043614,2026-10-07,synthetic,SPEC_V1
S00074,41,0.7868265868836233,0.14615432901927866,0.8290108813483399,2026-10-07,synthetic,SPEC_V1
S00075,41,1.2453287639065624,0.11256337747807527,1.2126685791601302,2026-10-07,synthetic,SPEC_V1
S00076,41,1.1892138175805067,0.1353716984096377,1.1690569776377346,2026-10-07,synthetic,SPEC_V1
S00077,41,0.7,0.050151490929706236,0.9559242879671626,2026-10-07,synthetic,SPEC_V1
S00078,41,0.7157680088551893,0.1671165869767254,0.9762452017446904,2026-10-07,synthetic,SPEC_V1
S00079,41,1.017873182779842,0.150736023523698,1.010824717556059,2026-10-07,synthetic,SPEC_V1
S00080,41,1.4205986456339859,0.0897452046035297,1.2795392031926776,2026-10-07,synthetic,SPEC_V1
S00081,41,0.9783340329601513,0.09129372068186703,0.9800630118815005,2026-10-07,synthetic,SPEC_V1
S00082,41,0.8669708561134509,0.15626467568862504,0.8959356652111474,2026-10-07,synthetic,SPEC_V1
S00083,41,1.4240480148259722,0.17232195429151698,1.2980884354024023,2026-10-07,synthetic,SPEC_V1
S00084,41,0.7,0.004135285222304531,0.9512413148510858,2026-10-07,synthetic,SPEC_V1
S00085,41,1.3715345782315231,0.18840565730754313,1.0430330081441113,2026-10-07,synthetic,SPEC_V1
S00086,41,0.7,0.06192484624312449,0.7685963278160846,2026-10-07,synthetic,SPEC_V1
S00087,41,0.9563032638000281,0.0201906286162309,0.9608068350672068,2026-10-07,synthetic,SPEC_V1
S00088,41,0.8751738796121463,0.06272630131696305,0.9651951534319605,2026-10-07,synthetic,SPEC_V1
S00089,41,1.031832871608125,0.18006059289296902,1.0284123553940951,2026-10-07,synthetic,SPEC_V1
S00090,41,1.1837646066402892,0.17406768765286917,1.1707950946027514,2026-10-07,synthetic,SPEC_V1
S00091,41,0.8953312265340607,0.10617016949404952,0.9028897662867531,2026-10-07,synthetic,SPEC_V1
S00092,41,1.0739129394652527,0.14178191038542864,1.0620231554869557,2026-10-07,synthetic,SPEC_V1
S00093,41,0.8197149207124879,0.0416105220496266,0.940608966905577,2026-10-07,synthetic,SPEC_V1
S00094,41,0.7,0.019570921496942208,0.9470716100757326,2026-10-07,synthetic,SPEC_V1
S00095,41,0.952203110410089,0.14898053315710733,0.9622711742805815,2026-10-07,synthetic,SPEC_V1
S00096,41,1.3460572716168118,0.08605069644335217,1.3073423252354692,2026-10-07,synthetic,SPEC_V1
S00097,41,0.8532576646099016,0.14826502395995542,0.8680847913562733,2026-10-07,synthetic,SPEC_V1
S00098,41,0.9128113452808995,0.04823558494129265,0.9603777764581051,2026-10-07,synthetic,SPEC_V1
S00099,41,1.1778864309735089,0.08188763859069753,1.1430999967725677,2026-10-07,synthetic,SPEC_V1
S00100,41,1.090871577094046,0.02324051330763,1.0782993779829775,2026-10-07,synthetic,SPEC_V1
S00101,41,0.7,0.01436453934848419,0.8580361038807077,2026-10-07,synthetic,SPEC_V1
S00102,41,1.30302931273139,0.19378325520472206,1.2110606134455737,2026-10-07,synthetic,SPEC_V1
S00103,41,0.7,0.07017281632676274,0.8682017150261858,2026-10-07,synthetic,SPEC_V1
S00104,41,1.0712594982304766,0.031768906718365235,1.0290717383217558,2026-10-07,synthetic,SPEC_V1
S00105,41,1.2581448939098951,0.02370606136251309,1.0160039311077866,2026-10-07,synthetic,SPEC_V1
S00106,41,0.8800377336013147,0.01756254124811207,0.8934361282930041,2026-10-07,synthetic,SPEC_V1
S00107,41,1.2503189399555026,0.15220809465314947,1.1437688785103926,2026-10-07,synthetic,SPEC_V1
S00108,41,0.7130844854129537,0.02832873377550349,0.7723185150965161,2026-10-07,synthetic,SPEC_V1
S00109,41,1.2553525797435503,0.02526433455709462,1.1486115036179372,2026-10-07,synthetic,SPEC_V1
S00110,41,0.7950439049477743,0.07938888763258715,0.8532135033682102,2026-10-07,synthetic,SPEC_V1
S00111,41,1.3963754332138303,0.08280506066795223,1.0977622269500693,2026-10-07,synthetic,SPEC_V1
S00112,41,1.0178806459815353,0.16437403920809124,1.013399857306244,2026-10-07,synthetic,SPEC_V1
S00113,41,1.0215149678673974,0.09552097120754782,1.0140757997230585,2026-10-07,synthetic,SPEC_V1
S00114,41,1.3764294695983592,0.0642591559353956,1.2955606562319444,2026-10-07,synthetic,SPEC_V1
S00115,41,1.2823649895195648,0.1653850222101949,1.249883539575708,2026-10-07,synthetic,SPEC_V1
S00116,41,0.8481990842658755,0.04571339605728556,0.9100670146409648,2026-10-07,synthetic,SPEC_V1
S00117,41,0.7574545972337825,0.12312777936942482,0.8290934468698046,2026-10-07,synthetic,SPEC_V1
S00118,41,1.1490431883000802,0.11288905171294908,1.1058036879877196,2026-10-07,synthetic,SPEC_V1
S00119,41,0.8103636562815744,0.08945998437056625,0.8419190334730072,2026-10-07,synthetic,SPEC_V1
S00120,41,0.7,0.10098591470602843,0.8093477587445639,2026-10-07,synthetic,SPEC_V1
S00121,41,0.7,0.1454712381182271,0.8613465267434658,2026-10-07,synthetic,SPEC_V1
S00122,41,1.2628669975499354,0.08351663689541823,1.1935846811303286,2026-10-07,synthetic,SPEC_V1
S00123,41,1.2268350940978212,0.06555239104832562,1.0323897971321614,2026-10-07,synthetic,SPEC_V1
S00124,41,1.3226259124239528,0.1469406466591757,1.1020137284452036,2026-10-07,synthetic,SPEC_V1
S00125,41,0.798957482413682,0.1398601643351528,0.8462900868400897,2026-10-07,synthetic,SPEC_V1
S00126,41,1.1402436925036923,0.006482865813530328,1.115452174337153,2026-10-07,synthetic,SPEC_V1
S00127,41,0.8077632449235576,0.18775889966091097,0.8684163294634943,2026-10-07,synthetic,SPEC_V1
S00128,41,1.4333065030175773,0.01799744252146839,1.3927153421746605,2026-10-07,synthetic,SPEC_V1
S00129,41,0.7,0.010996959582432415,0.7277308106307997,2026-10-07,synthetic,SPEC_V1
S00130,41,0.9190465375099379,0.11110183398727158,0.937973361664219,2026-10-07,synthetic,SPEC_V1
S00131,41,0.7,0.07467723879968652,0.8150483014553069,2026-10-07,synthetic,SPEC_V1
S00132,41,0.7652413489837402,0.013978084784562202,0.7842298684906691,2026-10-07,synthetic,SPEC_V1
S00133,41,0.8672513481123503,0.09998744230094775,0.891936107794062,2026-10-07,synthetic,SPEC_V1
S00134,41,0.9977879523128564,0.05577381914297161,0.9983998830425597,2026-10-07,synthetic,SPEC_V1
S00135,41,1.1387861496355356,0.15826138405243498,1.127823128519036,2026-10-07,synthetic,SPEC_V1
S00136,41,1.1507712425616352,0.005862168183782606,1.1025943872959287,2026-10-07,synthetic,SPEC_V1
S00137,41,1.1424546522583088,0.03262689771871962,1.0595043726517592,2026-10-07,synthetic,SPEC_V1
S00138,41,0.7486382167106043,0.0977776802175449,0.9126722022700419,2026-10-07,synthetic,SPEC_V1
S00139,41,1.277116943760904,0.04295817114389002,1.20325522931113,2026-10-07,synthetic,SPEC_V1
S00140,41,0.790192358542206,0.004421301983357935,0.9016363062906985,2026-10-07,synthetic,SPEC_V1
S00141,41,0.7,0.00043813180853917704,0.7440170234062096,2026-10-07,synthetic,SPEC_V1
S00142,41,1.0550789570983823,0.14368708072659847,1.0452529968543098,2026-10-07,synthetic,SPEC_V1
S00143,41,1.3517342574105038,0.09419920971080997,1.0544498161246683,2026-10-07,synthetic,SPEC_V1
S00144,41,0.7551025053554878,0.12234362179870284,0.7790205389700047,2026-10-07,synthetic,SPEC_V1
S00145,41,1.3599419165126279,0.04067141604939521,1.3176757031577315,2026-10-07,synthetic,SPEC_V1
S00146,41,1.2016294588460101,0.1132921863822281,1.1756477511072005,2026-10-07,synthetic,SPEC_V1
S00147,41,1.3900179507793804,0.12124780203772625,1.2994805382130514,2026-10-07,synthetic,SPEC_V1
S00148,41,1.4078059514898196,0.19737685585673703,1.1028857252608824,2026-10-07,synthetic,SPEC_V1
S00149,41,0.7,0.06656622880134966,0.8548906146443014,2026-10-07,synthetic,SPEC_V1
S00150,41,0.7,0.12344697748219605,0.7275299077310367,2026-10-07,synthetic,SPEC_V1
S00151,41,1.2594342125169717,0.09013414997514119,1.2246345388661732,2026-10-07,synthetic,SPEC_V1
S00152,41,0.7429529375671533,0.13406641112378323,0.9527862275596686,2026-10-07,synthetic,SPEC_V1
S00153,41,0.9232117373521309,0.09224764940264624,0.9312566766697563,2026-10-07,synthetic,SPEC_V1
S00154,41,0.7,0.036723717208127477,0.7357273758117424,2026-10-07,synthetic,SPEC_V1
S00155,41,1.1742123329489067,0.04999670104842092,1.0541189900143924,2026-10-07,synthetic,SPEC_V1
S00156,41,0.9024797470045539,0.04788646148436701,0.9604232794185086,2026-10-07,synthetic,SPEC_V1
S00157,41,1.096695954052221,0.19417409662133406,1.078270809020641,2026-10-07,synthetic,SPEC_V1
S00158,41,1.0840570161178897,0.04696247736633328,1.0317508363948613,2026-10-07,synthetic,SPEC_V1
S00159,41,0.991663214071418,0.04645901970685653,0.992712820499529,2026-10-07,synthetic,SPEC_V1
S00160,41,0.7,0.12985619981645327,0.8598936077225725,2026-10-07,synthetic,SPEC_V1
S00161,41,1.2623222706688733,0.05952179791755022,1.1050905855506126,2026-10-07,synthetic,SPEC_V1
S00162,41,1.1914048316991213,0.14206985588035037,1.1747801208072453,2026-10-07,synthetic,SPEC_V1
S00163,41,1.1632290706350363,0.02568404862836972,1.1367125447269277,2026-10-07,synthetic,SPEC_V1
S00164,41,0.7,0.14295817684717613,0.7746641027955652,2026-10-07,synthetic,SPEC_V1
S00165,41,0.7115506442272186,0.11971047528336215,0.998222865523361,2026-10-07,synthetic,SPEC_V1
S00166,41,1.219409665173902,0.01263449806665715,1.123802493063086,2026-10-07,synthetic,SPEC_V1
S00167,41,1.134297327944091,0.1869755197344565,1.0046622396336136,2026-10-07,synthetic,SPEC_V1
S00168,41,1.379864354871029,0.05488956314398629,1.1409283429700927,2026-10-07,synthetic,SPEC_V1
S00169,41,1.0160081846147475,0.13461797401640935,1.0078218535559405,2026-10-07,synthetic,SPEC_V1
S00170,41,0.7827997166550977,0.06696213002659077,0.9913473734051608,2026-10-07,synthetic,SPEC_V1
S00171,41,0.9225115839523814,0.0741807946350045,0.9437785877381081,2026-10-07,synthetic,SPEC_V1
S00172,41,1.186155447987296,0.00529694359337729,1.0143622237908454,2026-10-07,synthetic,SPEC_V1
S00173,41,1.1427098914234384,0.01138852989628894,1.1281604653987647,2026-10-07,synthetic,SPEC_V1
S00174,41,1.4468487511214636,0.11684027537004738,1.3818564911066,2026-10-07,synthetic,SPEC_V1
S00175,41,1.2740167787111114,0.16396273218778185,1.0713591571076437,2026-10-07,synthetic,SPEC_V1
S00176,41,1.2662728273496218,0.03727781900254706,1.241571030739289,2026-10-07,synthetic,SPEC_V1
S00177,41,1.3014498316872802,0.16180326206389684,1.0033333692515343,2026-10-07,synthetic,SPEC_V1
S00178,41,1.3964001216310629,0.003126368460290928,1.3527509642751616,2026-10-07,synthetic,SPEC_V1
S00179,41,0.9541444711382695,0.0620151988482876,0.9662880778100597,2026-10-07,synthetic,SPEC_V1
S00180,41,1.3984223920016237,0.012218731401590263,1.3474818882155972,2026-10-07,synthetic,SPEC_V1
S00181,41,1.3322388332841337,0.12824184238580322,1.224593124657894,2026-10-07,synthetic,SPEC_V1
S00182,41,1.1845234245630027,0.10649924952581942,1.0665854957686765,2026-10-07,synthetic,SPEC_V1
S00183,41,1.0947154012178628,0.13142643261704132,1.079682762680412,2026-10-07,synthetic,SPEC_V1
S00184,41,0.9008303532903403,0.11758752285873052,0.9772577511106788,2026-10-07,synthetic,SPEC_V1
S00185,41,0.8906215850575847,0.1376354912011115,0.9464569243932808,2026-10-07,synthetic,SPEC_V1
S00186,41,1.1104227524610453,0.13602461090785975,1.0997778975849761,2026-10-07,synthetic,SPEC_V1
S00187,41,1.1933692943460164,0.08488619465839622,1.1477568021120574,2026-10-07,synthetic,SPEC_V1
S00188,41,0.8096681491828475,0.02214714991987951,0.8609396155556392,2026-10-07,synthetic,SPEC_V1
S00189,41,1.2215199403902648,0.1902958953814595,1.0588493976652917,2026-10-07,synthetic,SPEC_V1
S00190,41,0.964549437250581,0.05331748332564038,0.9694010748199046,2026-10-07,synthetic,SPEC_V1
S00191,41,0.7208575519053815,0.17141065879713369,0.7896239197792448,2026-10-07,synthetic,SPEC_V1
S00192,41,0.7946417634915734,0.08240430377002717,0.8744747067000465,2026-10-07,synthetic,SPEC_V1
S00193,41,1.324385776472325,0.1628123587302224,1.1334774443692408,2026-10-07,synthetic,SPEC_V1
S00194,41,1.0861734731111494,0.18580551436042453,1.073242462486913,2026-10-07,synthetic,SPEC_V1
S00195,41,1.1915828522533558,0.10402143781607671,1.172971994171411,2026-10-07,synthetic,SPEC_V1
S00196,41,0.7185504074848732,0.0216525784973551,0.7819007549487743,2026-10-07,synthetic,SPEC_V1
S00197,41,0.9144813378680421,0.18234751141735225,0.9341507905150815,2026-10-07,synthetic,SPEC_V1
S00198,41,1.094606638522132,0.15533916665617065,1.087627410306994,2026-10-07,synthetic,SPEC_V1
S00199,41,1.4215963019930284,0.00695179123373796,1.3717623758230446,2026-10-07,synthetic,SPEC_V1
S00200,41,1.0387844195415552,0.181725402367457,1.0174416719874275,2026-10-07,synthetic,SPEC_V1
S00201,41,1.108492268203807,0.15413017850386299,1.006347547086713,2026-10-07,synthetic,SPEC_V1
S00202,41,0.9039961622212539,0.05829955939272488,0.9439147296174933,2026-10-07,synthetic,SPEC_V1
S00203,41,0.8835206435757862,0.14087181520878486,0.9058379668320241,2026-10-07,synthetic,SPEC_V1
S00204,41,1.1909724715469516,0.04929774300955841,1.070138129555548,2026-10-07,synthetic,SPEC_V1
S00205,41,1.055115782578232,0.17987414816283592,1.0279199353049377,2026-10-07,synthetic,SPEC_V1
S00206,41,0.7064896018002795,0.13324630888373276,0.859187087110761,2026-10-07,synthetic,SPEC_V1
S00207,41,0.7993809390263327,0.07715592112774816,0.8442804875139878,2026-10-07,synthetic,SPEC_V1
S00208,41,0.7,0.1762338418292183,0.7382115787524842,2026-10-07,synthetic,SPEC_V1
S00209,41,1.277567042358099,0.018712435369062776,1.066208148371572,2026-10-07,synthetic,SPEC_V1
S00210,41,1.1362345238816693,0.1524428094849555,1.0844376776055313,2026-10-07,synthetic,SPEC_V1
S00211,41,0.7762023387475484,0.18063348533275347,0.7983873565930744,2026-10-07,synthetic,SPEC_V1
S00212,41,0.7389767196622471,0.17256284198491947,0.7625927754843931,2026-10-07,synthetic,SPEC_V1
S00213,41,1.0800523235007706,0.11504097292877183,1.0284179099813258,2026-10-07,synthetic,SPEC_V1
S00214,41,0.7,0.0689386497268525,0.7639117484737143,2026-10-07,synthetic,SPEC_V1
S00215,41,1.273886841572792,0.014511525052986357,1.249196466221886,2026-10-07,synthetic,SPEC_V1
S00216,41,0.7,0.17835872486418008,0.8174288090561129,2026-10-07,synthetic,SPEC_V1
S00217,41,0.9167030443531897,0.10550081319322441,0.9353009653125443,2026-10-07,synthetic,SPEC_V1
S00218,41,1.0169698350061442,0.10809192022154264,1.005711147506263,2026-10-07,synthetic,SPEC_V1
S00219,41,1.1346602881076189,0.19205960510384074,1.08909888682942,2026-10-07,synthetic,SPEC_V1
S00220,41,1.1587950320947684,0.18424160897732222,1.069002505976218,2026-10-07,synthetic,SPEC_V1
S00221,41,1.2213459646447693,0.0547370661219083,1.044958318513057,2026-10-07,synthetic,SPEC_V1
S00222,41,0.7,0.1444119928424808,0.8627679700363058,2026-10-07,synthetic,SPEC_V1
S00223,41,0.7,0.04350217712359174,0.7863435463468655,2026-10-07,synthetic,SPEC_V1
S00224,41,1.2375537992076306,0.051241487370511964,1.092903879911585,2026-10-07,synthetic,SPEC_V1
S00225,41,1.4288666381939041,0.07270872292489261,1.337872915154943,2026-10-07,synthetic,SPEC_V1
S00226,41,1.2887794263554109,0.007232376542218991,1.1072191755377783,2026-10-07,synthetic,SPEC_V1
S00227,41,1.013616237973644,0.18304167202542587,1.0029843456725693,2026-10-07,synthetic,SPEC_V1
S00228,41,0.7,0.029528464692501994,0.9170273941575741,2026-10-07,synthetic,SPEC_V1
S00229,41,1.079296614847639,0.190612047905976,1.0399863210182678,2026-10-07,synthetic,SPEC_V1
S00230,41,1.256448403068093,0.12775192486995235,1.1595070766793298,2026-10-07,synthetic,SPEC_V1
S00231,41,0.9893044399576936,0.11915960013712859,0.9915260279906472,2026-10-07,synthetic,SPEC_V1
S00232,41,0.7,0.024336709302872718,0.7537349512871359,2026-10-07,synthetic,SPEC_V1
S00233,41,0.8817372715859181,0.07582260374927129,0.8992486419797541,2026-10-07,synthetic,SPEC_V1
S00234,41,1.0490328087978493,0.03405387838670725,1.0416044553151742,2026-10-07,synthetic,SPEC_V1
S00235,41,0.8069796670921509,0.10264165616257781,0.846716828199118,2026-10-07,synthetic,SPEC_V1
S00236,41,0.7,0.11546875132793025,0.7770319485115104,2026-10-07,synthetic,SPEC_V1
S00237,41,0.9020072687585706,0.07103613752742192,0.9383294753009404,2026-10-07,synthetic,SPEC_V1
S00238,41,0.7,0.1749228344925397,0.781766129070914,2026-10-07,synthetic,SPEC_V1
S00239,41,0.7,0.04507788499753894,0.9722494417787285,2026-10-07,synthetic,SPEC_V1
S00240,41,0.9051476306921014,0.14965267440726313,0.9336430048699197,2026-10-07,synthetic,SPEC_V1
S00241,41,0.7253643133102372,0.11151917030416575,0.7537269580674295,2026-10-07,synthetic,SPEC_V1
S00242,41,1.2421678982437678,0.18801308775393255,1.2235887663830411,2026-10-07,synthetic,SPEC_V1
S00243,41,1.2626490423448868,0.06299200464868135,1.0270210166976341,2026-10-07,synthetic,SPEC_V1
S00244,41,1.3981103314252246,0.07982556081698308,1.1598398674492467,2026-10-07,synthetic,SPEC_V1
S00245,41,0.7,0.003734825039657056,0.9789509348902068,2026-10-07,synthetic,SPEC_V1
S00246,41,0.8155453709936731,0.1651930851177488,0.8297768758557658,2026-10-07,synthetic,SPEC_V1
S00247,41,0.8834224221368671,0.19567282805883332,0.8918166988427253,2026-10-07,synthetic,SPEC_V1
S00248,41,1.1181037090958996,0.185358136360243,1.0051965866674342,2026-10-07,synthetic,SPEC_V1
S00249,41,0.9828522665605809,0.08423187525024062,0.9902452194830779,2026-10-07,synthetic,SPEC_V1
S00250,41,1.3916467373768358,0.08209086470318379,1.318521897821164,2026-10-07,synthetic,SPEC_V1
S00251,41,1.0829772479808402,0.13039802230522643,1.076235613173706,2026-10-07,synthetic,SPEC_V1
S00252,41,1.1223393844069551,0.00223543360911668,1.106132106667207,2026-10-07,synthetic,SPEC_V1
S00253,41,0.7129971608489818,0.05184415377064694,0.8750837302463472,2026-10-07,synthetic,SPEC_V1
S00254,41,1.0278223585523423,0.16467895217636133,1.013884771302136,2026-10-07,synthetic,SPEC_V1
S00255,41,1.422997571114268,0.1693265416391016,1.3881556524976253,2026-10-07,synthetic,SPEC_V1
S00256,41,0.7,0.18889270932346858,0.7467703518709009,2026-10-07,synthetic,SPEC_V1
S00257,41,1.1149869115721491,0.1612784825797676,1.0925269767459465,2026-10-07,synthetic,SPEC_V1
S00258,41,1.408368257412623,0.06568976533686584,1.3798634760907424,2026-10-07,synthetic,SPEC_V1
S00259,41,0.7,0.05899683278203907,0.8588870470329473,2026-10-07,synthetic,SPEC_V1
S00260,41,0.9842974286068866,0.034827697495475034,0.9882558548314466,2026-10-07,synthetic,SPEC_V1
S00261,41,1.359521864415417,0.1609222040241043,1.3343069857033132,2026-10-07,synthetic,SPEC_V1
S00262,41,0.7356615327969701,0.19776976780513203,0.8032777736424392,2026-10-07,synthetic,SPEC_V1
S00263,41,0.8234169086432274,0.17193113758813172,0.9415145930711893,2026-10-07,synthetic,SPEC_V1
S00264,41,0.8046557603286388,0.1633210021029489,0.8313303299073438,2026-10-07,synthetic,SPEC_V1
S00265,41,0.7,0.1675365291675023,0.7438810621522975,2026-10-07,synthetic,SPEC_V1
S00266,41,0.7,0.11052166939292772,0.754361497861908,2026-10-07,synthetic,SPEC_V1
S00267,41,0.7,0.016468915902881888,0.7509069917617025,2026-10-07,synthetic,SPEC_V1
S00268,41,1.0327283845336446,0.05278510162673993,1.0254681664218812,2026-10-07,synthetic,SPEC_V1
S00269,41,0.8494096791293433,0.12099096854829304,0.8745822225044612,2026-10-07,synthetic,SPEC_V1
S00270,41,1.3731573839185591,0.13516890281446184,1.2419955349470921,2026-10-07,synthetic,SPEC_V1
S00271,41,0.7,0.1935194956642485,0.7778942679971192,2026-10-07,synthetic,SPEC_V1
S00272,41,1.2881117296590394,0.17877565865904266,1.0740439280289371,2026-10-07,synthetic,SPEC_V1
S00273,41,0.8565120671758351,0.07299492065303623,0.8856054032970982,2026-10-07,synthetic,SPEC_V1
S00274,41,1.0445846478948442,0.17545383507651555,1.038562034693134,2026-10-07,synthetic,SPEC_V1
S00275,41,1.3673823824311586,0.17063866688119658,1.0110608484524162,2026-10-07,synthetic,SPEC_V1
S00276,41,1.1034647232506225,0.09889957404287364,1.0903386500355703,2026-10-07,synthetic,SPEC_V1
S00277,41,0.9887813149384316,0.10289159287426011,0.9945561502198197,2026-10-07,synthetic,SPEC_V1
S00278,41,1.0096854889207796,0.19646934575256436,1.0085035555083202,2026-10-07,synthetic,SPEC_V1
S00279,41,0.7,0.033667480128269346,0.7679618890127735,2026-10-07,synthetic,SPEC_V1
S00280,41,1.0614484448665849,0.1916576572112143,1.0549729386126052,2026-10-07,synthetic,SPEC_V1
S00281,41,0.7,0.14074502096187508,0.839654108805655,2026-10-07,synthetic,SPEC_V1
S00282,41,1.3850159295803708,0.010624715155675125,1.3547445892927374,2026-10-07,synthetic,SPEC_V1
S00283,41,0.8091856349836634,0.04455346599407846,0.9738343757753712,2026-10-07,synthetic,SPEC_V1
S00284,41,0.7,0.08079152045053987,0.8435105343392943,2026-10-07,synthetic,SPEC_V1
S00285,41,1.2437072389112382,0.05616748166189544,1.0518214883374177,2026-10-07,synthetic,SPEC_V1
S00286,41,0.8257620690230051,0.09313774376176165,0.871952937610626,2026-10-07,synthetic,SPEC_V1
S00287,41,1.4335544843098382,0.10055345873170754,1.3848582042849027,2026-10-07,synthetic,SPEC_V1
S00288,41,0.7,0.03141270616131751,0.7376455753364659,2026-10-07,synthetic,SPEC_V1
S00289,41,1.3163963773050495,0.16025000764423092,1.1025151919628506,2026-10-07,synthetic,SPEC_V1
S00290,41,0.8017282742135408,0.10039463718586039,0.8412976112556323,2026-10-07,synthetic,SPEC_V1
S00291,41,0.806859144527179,0.01836111567330127,0.8507493174491931,2026-10-07,synthetic,SPEC_V1
S00292,41,0.7,0.04207807891070828,0.8315693399826039,2026-10-07,synthetic,SPEC_V1
S00293,41,1.2137178112854998,0.06722797945631093,1.1291620028050968,2026-10-07,synthetic,SPEC_V1
S00294,41,1.3212382694066724,0.16825983329538707,1.1892069678629453,2026-10-07,synthetic,SPEC_V1
S00295,41,0.7,0.11421768201032126,0.7447663004941156,2026-10-07,synthetic,SPEC_V1
S00296,41,1.101200576576604,0.10482436337273665,1.0934691138219292,2026-10-07,synthetic,SPEC_V1
S00297,41,0.8323501719376897,0.11237723317082822,0.9423574493892516,2026-10-07,synthetic,SPEC_V1
S00298,41,1.1443712810320477,0.05780451558466826,1.1320934222231311,2026-10-07,synthetic,SPEC_V1
S00299,41,0.9934480644641313,0.15127444086862288,0.9951207180579601,2026-10-07,synthetic,SPEC_V1
S00300,41,1.2712496926445318,0.18505608345960367,1.2440466349672223,2026-10-07,synthetic,SPEC_V1
S00301,41,0.7314505577611212,0.07535517010908832,0.759683155766957,2026-10-07,synthetic,SPEC_V1
S00302,41,0.960547470791575,0.09703233877129103,0.9759518159387571,2026-10-07,synthetic,SPEC_V1
S00303,41,1.340169452756379,0.045253960471579625,1.309731990755294,2026-10-07,synthetic,SPEC_V1
S00304,41,0.9583616821334311,0.15395576772951913,0.9620694442458203,2026-10-07,synthetic,SPEC_V1
S00305,41,0.7845101705125586,0.09928765391060618,0.8005090075361052,2026-10-07,synthetic,SPEC_V1
S00306,41,1.3045143150531582,0.039615375826932586,1.2109534491081817,2026-10-07,synthetic,SPEC_V1
S00307,41,0.8472368352826216,0.1929707012325954,0.9626895438496083,2026-10-07,synthetic,SPEC_V1
S00308,41,0.7659731617685617,0.04626609409072995,0.8100924522089592,2026-10-07,synthetic,SPEC_V1
S00309,41,0.897097495313383,0.17780624332569325,0.990853253519939,2026-10-07,synthetic,SPEC_V1
S00310,41,0.7,0.028709331710507238,0.8344391288863391,2026-10-07,synthetic,SPEC_V1
S00311,41,1.0630942818203724,0.08859492867240637,1.0517353939431648,2026-10-07,synthetic,SPEC_V1
S00312,41,0.7,0.15466126833247915,0.7742957818756522,2026-10-07,synthetic,SPEC_V1
S00313,41,0.9890199808009094,0.19530940649332412,0.9899566942524937,2026-10-07,synthetic,SPEC_V1
S00314,41,0.9590691526797644,0.16270532167771434,0.9628931705966292,2026-10-07,synthetic,SPEC_V1
S00315,41,1.1261157215269513,0.0276062297065594,1.1154773996681662,2026-10-07,synthetic,SPEC_V1
S00316,41,1.3164089755763644,0.06057754533953737,1.041718807979607,2026-10-07,synthetic,SPEC_V1
S00317,41,0.7195925521938393,0.05877648063053588,0.7845493276312446,2026-10-07,synthetic,SPEC_V1
S00318,41,0.8550232139037607,0.1981698830176391,0.8656617979882582,2026-10-07,synthetic,SPEC_V1
S00319,41,0.7300216231245398,0.035977849828090464,0.9795354571492505,2026-10-07,synthetic,SPEC_V1
S00320,41,0.866849139186523,0.19619682602382407,0.8855644237199214,2026-10-07,synthetic,SPEC_V1
S00321,41,1.06425766827094,0.1250918814430165,1.0348973085763056,2026-10-07,synthetic,SPEC_V1
S00322,41,0.7902645345107473,0.0034941428103182934,0.824756735270987,2026-10-07,synthetic,SPEC_V1
S00323,41,0.7,0.11369704092073057,0.725112398451045,2026-10-07,synthetic,SPEC_V1
S00324,41,0.7279990687916541,0.16872467202982416,0.8103111999906993,2026-10-07,synthetic,SPEC_V1
S00325,41,1.0640392385495772,0.13759882024065428,1.0457786633354962,2026-10-07,synthetic,SPEC_V1
S00326,41,0.7,0.0750366289502958,0.8081464657209783,2026-10-07,synthetic,SPEC_V1
S00327,41,0.7755591700033047,0.026870333399495197,0.84498311766306,2026-10-07,synthetic,SPEC_V1
S00328,41,0.9036686857992978,0.18665809692420576,0.9132780941262404,2026-10-07,synthetic,SPEC_V1
S00329,41,0.7090501297390845,0.033381708784166166,0.8711484547189576,2026-10-07,synthetic,SPEC_V1
S00330,41,1.1130103314926787,0.15972775888630583,1.0989314813127382,2026-10-07,synthetic,SPEC_V1
S00331,41,0.8843831113872146,0.1795053899004824,0.9330188018584316,2026-10-07,synthetic,SPEC_V1
S00332,41,0.978833394021556,0.06342402242506225,0.982443587906639,2026-10-07,synthetic,SPEC_V1
S00333,41,0.8338429212805636,0.12957497861790981,0.9012261392910192,2026-10-07,synthetic,SPEC_V1
S00334,41,0.9033712401908262,0.11631220683159478,0.9334128587069247,2026-10-07,synthetic,SPEC_V1
S00335,41,0.8472449850074748,0.15337761640807449,0.8611551037843724,2026-10-07,synthetic,SPEC_V1
S00336,41,0.8406032828148164,0.17694026183179512,0.8855664540830254,2026-10-07,synthetic,SPEC_V1
S00337,41,0.7358930029147903,0.027267364600824656,0.8679182898196892,2026-10-07,synthetic,SPEC_V1
S00338,41,0.7,0.07903883982070696,0.9987836359351486,2026-10-07,synthetic,SPEC_V1
S00339,41,0.7,0.14405508092520194,0.730212086569194,2026-10-07,synthetic,SPEC_V1
S00340,41,1.2598563552835516,0.10217500610604012,1.2311250794575264,2026-10-07,synthetic,SPEC_V1
S00341,41,1.0888968650511464,0.10995373622050036,1.069271216665063,2026-10-07,synthetic,SPEC_V1
S00342,41,0.901833525126889,0.0025267679433723118,0.9136536983191649,2026-10-07,synthetic,SPEC_V1
S00343,41,1.3484553653925433,0.19695582289387495,1.1328414063484045,2026-10-07,synthetic,SPEC_V1
S00344,41,1.1713161931567422,0.07835469349567985,1.156179532738716,2026-10-07,synthetic,SPEC_V1
S00345,41,0.8428570959550141,0.15593759666502297,0.9962120895733367,2026-10-07,synthetic,SPEC_V1
S00346,41,1.309739675832975,0.05319019014588603,1.2650286343562802,2026-10-07,synthetic,SPEC_V1
S00347,41,1.0160614155245575,0.015620749669099238,1.0104560071824296,2026-10-07,synthetic,SPEC_V1
S00348,41,1.3731275865690364,0.05409119304442298,1.2334018145241052,2026-10-07,synthetic,SPEC_V1
S00349,41,0.7691330271919965,0.11761202364149799,0.7889549914765396,2026-10-07,synthetic,SPEC_V1
S00350,41,0.7,0.09833556448602307,0.8424991826947149,2026-10-07,synthetic,SPEC_V1
S00351,41,1.0576275995638074,0.12266729096325256,1.0421736861851016,2026-10-07,synthetic,SPEC_V1
S00352,41,1.0051774073234123,0.1730579871006462,1.0045925840055885,2026-10-07,synthetic,SPEC_V1
S00353,41,1.1669656427370558,0.16615320043123527,1.0471299605712567,2026-10-07,synthetic,SPEC_V1
S00354,41,0.9416243579373866,0.024895549405855942,0.9492245049211577,2026-10-07,synthetic,SPEC_V1
S00355,41,0.7669613218838786,0.17891022308871474,0.800462462500268,2026-10-07,synthetic,SPEC_V1
S00356,41,1.1629576514916042,0.024469797511732658,1.0467777712258857,2026-10-07,synthetic,SPEC_V1
S00357,41,0.878682001906053,0.050453733706332396,0.895135909054449,2026-10-07,synthetic,SPEC_V1
S00358,41,0.7,0.06448141581341658,0.7718078829480688,2026-10-07,synthetic,SPEC_V1
S00359,41,1.3452557681242032,0.12418697507920268,1.2446109076975191,2026-10-07,synthetic,SPEC_V1
S00360,41,1.0669412564028107,0.18107156699485893,1.0566824746254515,2026-10-07,synthetic,SPEC_V1
S00361,41,0.7,0.16666741569854235,0.7234482964466807,2026-10-07,synthetic,SPEC_V1
S00362,41,0.8145758620882507,0.15318668027079585,0.8676407928193515,2026-10-07,synthetic,SPEC_V1
S00363,41,1.067698039634799,0.14563592830935612,1.0437917300284918,2026-10-07,synthetic,SPEC_V1
S00364,41,1.047013578822212,0.00924032423574939,1.032049196543243,2026-10-07,synthetic,SPEC_V1
S00365,41,1.1989416270021105,0.12067461350889613,1.0597180117744618,2026-10-07,synthetic,SPEC_V1
S00366,41,0.8699669005903159,0.08656766372895999,0.8834716488542995,2026-10-07,synthetic,SPEC_V1
S00367,41,1.0440644883635506,0.011922620261351246,1.0070235299728594,2026-10-07,synthetic,SPEC_V1
S00368,41,1.1971838862689699,0.1319199159633981,1.0103539257646148,2026-10-07,synthetic,SPEC_V1
S00369,41,1.361067923690842,0.04397468399576381,1.1840613380667502,2026-10-07,synthetic,SPEC_V1
S00370,41,1.1021924562778278,0.020892632544893056,1.0925522864624817,2026-10-07,synthetic,SPEC_V1
S00371,41,1.0416279844925909,0.044026612538817345,1.0384734628161805,2026-10-07,synthetic,SPEC_V1
S00372,41,1.1610572212042543,0.10768117082229611,1.1354202784797827,2026-10-07,synthetic,SPEC_V1
S00373,41,1.120209838116139,0.028941806509385343,1.0351676343196596,2026-10-07,synthetic,SPEC_V1
S00374,41,0.7,0.12032243547017657,0.7878418355750099,2026-10-07,synthetic,SPEC_V1
S00375,41,1.4471935511591516,0.15162151720746792,1.3788870190654363,2026-10-07,synthetic,SPEC_V1
S00376,41,0.7,0.18333080037176253,0.7989610227282203,2026-10-07,synthetic,SPEC_V1
S00377,41,1.3368617240922285,0.11004217906405625,1.1752270108730078,2026-10-07,synthetic,SPEC_V1
S00378,41,1.2770649316266578,0.02278234603499682,1.189442863561487,2026-10-07,synthetic,SPEC_V1
S00379,41,0.8731427893255872,0.18388858103728734,0.9458313595402303,2026-10-07,synthetic,SPEC_V1
S00380,41,1.2775443176726333,0.12370944545760254,1.2502214344705538,2026-10-07,synthetic,SPEC_V1
S00381,41,0.7622068541732651,0.09363157000273956,0.8033290096737481,2026-10-07,synthetic,SPEC_V1
S00382,41,0.8017337237536102,0.09639322528910706,0.8171449206117207,2026-10-07,synthetic,SPEC_V1
S00383,41,1.2136596023160418,0.06856674604318756,1.0952372010459526,2026-10-07,synthetic,SPEC_V1
S00384,41,1.09769609279541,0.194638375353626,1.0897178646528254,2026-10-07,synthetic,SPEC_V1
S00385,41,0.880901385754173,0.03636238499767998,0.9296227076650707,2026-10-07,synthetic,SPEC_V1
S00386,41,1.119290963458103,0.10599626529915546,1.0537035150837224,2026-10-07,synthetic,SPEC_V1
S00387,41,1.0318799668922174,0.018852141507888033,1.0039803489187142,2026-10-07,synthetic,SPEC_V1
S00388,41,0.7,0.16229101914844135,0.8237877123285037,2026-10-07,synthetic,SPEC_V1
S00389,41,0.9687077727980736,0.041041135172371304,0.978043490077597,2026-10-07,synthetic,SPEC_V1
S00390,41,0.9634953292476633,0.0945154465488333,0.9669702505638629,2026-10-07,synthetic,SPEC_V1
S00391,41,0.8307802863882036,0.14941528721011252,0.8678057586374743,2026-10-07,synthetic,SPEC_V1
S00392,41,1.047052516904878,0.009174334677132242,1.0050634562779404,2026-10-07,synthetic,SPEC_V1
S00393,41,0.7943696484002182,0.10757501253135926,0.8871680481282471,2026-10-07,synthetic,SPEC_V1
S00394,41,1.3300308146829158,0.11468486443249278,1.210618569053459,2026-10-07,synthetic,SPEC_V1
S00395,41,0.9733539764773942,0.08558429344634538,0.9766301248235123,2026-10-07,synthetic,SPEC_V1
S00396,41,1.1975431980980185,0.015007797416797072,1.1719483482803743,2026-10-07,synthetic,SPEC_V1
S00397,41,0.8414111404956274,0.06631451676988233,0.9732125946343624,2026-10-07,synthetic,SPEC_V1
S00398,41,0.7132200232708928,0.03836732700126902,0.8008745085365386,2026-10-07,synthetic,SPEC_V1
S00399,41,0.8448992367788186,0.17667563281226564,0.8662995069195635,2026-10-07,synthetic,SPEC_V1
S00400,41,0.9412439607698717,0.10901812347247263,0.9496468687667755,2026-10-07,synthetic,SPEC_V1
S00401,41,1.0401871117929762,0.13693630006451651,1.033168914644443,2026-10-07,synthetic,SPEC_V1
S00402,41,0.753506768178181,0.15896172725032287,0.8956369643848378,2026-10-07,synthetic,SPEC_V1
S00403,41,0.9330192315851588,0.08563349284333732,0.9499383602177967,2026-10-07,synthetic,SPEC_V1
S00404,41,1.2022632362571428,0.07617258875731986,1.0932508552374007,2026-10-07,synthetic,SPEC_V1
S00405,41,1.4206597895080675,0.038641404608103745,1.2004936907982513,2026-10-07,synthetic,SPEC_V1
S00406,41,1.2904493158900827,0.1477860524816461,1.2392215944403817,2026-10-07,synthetic,SPEC_V1
S00407,41,1.330794775522194,0.14261323199651693,1.1751885069998491,2026-10-07,synthetic,SPEC_V1
S00408,41,0.9525721940480681,0.12534389797334508,0.959280713828738,2026-10-07,synthetic,SPEC_V1
S00409,41,0.7,0.08383105815917628,0.9936707340199206,2026-10-07,synthetic,SPEC_V1
S00410,41,1.163263138096268,0.08153830245714677,1.1488954866720928,2026-10-07,synthetic,SPEC_V1
S00411,41,1.105758800001398,0.007706429112336987,1.0852049947378701,2026-10-07,synthetic,SPEC_V1
S00412,41,0.8466580628093181,0.016283728007456245,0.9770390917137336,2026-10-07,synthetic,SPEC_V1
S00413,41,1.1650947475018645,0.17454433159588484,1.1346157627996878,2026-10-07,synthetic,SPEC_V1
S00414,41,0.927780675982764,0.17584808299052962,0.9361348127263553,2026-10-07,synthetic,SPEC_V1
S00415,41,0.9614787131812559,0.008146435782251132,0.9707617616328995,2026-10-07,synthetic,SPEC_V1
S00416,41,0.8494721931820448,0.1872012413818882,0.9374306654927475,2026-10-07,synthetic,SPEC_V1
S00417,41,1.3295314824553963,0.07040784873762614,1.276784178071681,2026-10-07,synthetic,SPEC_V1
S00418,41,0.8529636421672802,0.1450288515960064,0.8776046920856465,2026-10-07,synthetic,SPEC_V1
S00419,41,0.9685414873665001,0.14340960203545847,0.9915240056718194,2026-10-07,synthetic,SPEC_V1
S00420,41,1.2785062979635056,0.11802407943557165,1.2521080740857151,2026-10-07,synthetic,SPEC_V1
S00421,41,1.353114646318602,0.010212187718293509,1.2985513244494886,2026-10-07,synthetic,SPEC_V1
S00422,41,1.2020772570349207,0.10369229450521451,1.163657732679725,2026-10-07,synthetic,SPEC_V1
S00423,41,1.0739642569295562,0.15499512296878873,1.060426906298041,2026-10-07,synthetic,SPEC_V1
S00424,41,0.8619120309862096,0.1385410274358848,0.8949881043185928,2026-10-07,synthetic,SPEC_V1
S00425,41,0.9631736101950298,0.08764668061296474,0.9845340811383599,2026-10-07,synthetic,SPEC_V1
S00426,41,1.4468782914494382,0.033003609664769916,1.248869869041357,2026-10-07,synthetic,SPEC_V1
S00427,41,1.0068801932575766,0.07138421039404078,1.0038066165671595,2026-10-07,synthetic,SPEC_V1
S00428,41,0.8211732271598974,0.039417817244618986,0.8674670104067297,2026-10-07,synthetic,SPEC_V1
S00429,41,1.1433766213715169,0.09103090781787346,1.1182951082835197,2026-10-07,synthetic,SPEC_V1
S00430,41,1.0394944687146512,0.08700654905328571,1.0351785140191962,2026-10-07,synthetic,SPEC_V1
S00431,41,1.235571945751317,0.019637335727260813,1.055965920102375,2026-10-07,synthetic,SPEC_V1
S00432,41,1.2612581411964368,0.15726690473098034,1.2249323851682772,2026-10-07,synthetic,SPEC_V1
S00433,41,0.8144712967940504,0.19261679398360804,0.8359856796776153,2026-10-07,synthetic,SPEC_V1
S00434,41,0.9167853922861169,0.037625591143213566,0.9236864058372586,2026-10-07,synthetic,SPEC_V1
S00435,41,0.7,0.19481225641753827,0.7649709107565817,2026-10-07,synthetic,SPEC_V1
S00436,41,1.0769955443356098,0.0011743804737597617,1.0650455047348921,2026-10-07,synthetic,SPEC_V1
S00437,41,1.1577716629882475,0.026206477199856054,1.0808592571156468,2026-10-07,synthetic,SPEC_V1
S00438,41,1.0903224235211912,0.118680283992075,1.0579059771741737,2026-10-07,synthetic,SPEC_V1
S00439,41,1.4459436564871082,0.03899070232379398,1.414450380714083,2026-10-07,synthetic,SPEC_V1
S00440,41,1.0558975811706686,0.19156463471535745,1.0106391869432698,2026-10-07,synthetic,SPEC_V1
S00441,41,1.1821633021404265,0.13105583159401207,1.0208625283825725,2026-10-07,synthetic,SPEC_V1
S00442,41,1.3070108937882101,0.12581360046778503,1.266591017109201,2026-10-07,synthetic,SPEC_V1
S00443,41,1.3219769653245828,0.09879502390364407,1.1654952300586605,2026-10-07,synthetic,SPEC_V1
S00444,41,0.7,0.15866400939828806,0.7370942527751062,2026-10-07,synthetic,SPEC_V1
S00445,41,1.3768725122301386,0.12735578943023015,1.3467714336645815,2026-10-07,synthetic,SPEC_V1
S00446,41,0.7,0.14757701916284527,0.7496455742343767,2026-10-07,synthetic,SPEC_V1
S00447,41,1.024715797477106,0.16069198431931742,1.0148523987907057,2026-10-07,synthetic,SPEC_V1
S00448,41,0.847744342456094,0.0152140823759052,0.8951189774285458,2026-10-07,synthetic,SPEC_V1
S00449,41,1.0934840034061415,0.13360926802870432,1.0610090346418084,2026-10-07,synthetic,SPEC_V1
S00450,41,1.1238696715223182,0.15935624662736078,1.0153679531414528,2026-10-07,synthetic,SPEC_V1
S00451,41,1.1763887302450626,0.03715843020880196,1.1101805779363718,2026-10-07,synthetic,SPEC_V1
S00452,41,1.3532270426133592,0.0521652215274375,1.0738711666039105,2026-10-07,synthetic,SPEC_V1
S00453,41,1.3542069879627192,0.16908513366821618,1.0179947400548592,2026-10-07,synthetic,SPEC_V1
S00454,41,1.0522930822595156,0.030080916829326,1.0416759302747611,2026-10-07,synthetic,SPEC_V1
S00455,41,1.0581211152665593,0.17017510946857353,1.0420847607354082,2026-10-07,synthetic,SPEC_V1
S00456,41,0.8006657692845022,0.04121763821702783,0.8155791799693577,2026-10-07,synthetic,SPEC_V1
S00457,41,1.449465703299458,0.19099145896450842,1.3784663536814428,2026-10-07,synthetic,SPEC_V1
S00458,41,0.8924789015502296,0.11935140026537856,0.9813027961529154,2026-10-07,synthetic,SPEC_V1
S00459,41,0.7,0.06992343027553903,0.7233096139004238,2026-10-07,synthetic,SPEC_V1
S00460,41,1.1826030076579888,0.07645979549071556,1.1629479737716495,2026-10-07,synthetic,SPEC_V1
S00461,41,1.4156308164930236,0.157909865259009,1.144004395168895,2026-10-07,synthetic,SPEC_V1
S00462,41,1.006889052306007,0.026503392911123996,1.0042300798285757,2026-10-07,synthetic,SPEC_V1
S00463,41,1.2197785425706997,0.030620458953728953,1.1866066019261499,2026-10-07,synthetic,SPEC_V1
S00464,41,0.8355929355158173,0.040179583190393865,0.8534314455888827,2026-10-07,synthetic,SPEC_V1
S00465,41,0.7,0.030948151189773176,0.8070826597957483,2026-10-07,synthetic,SPEC_V1
S00466,41,0.7,0.19855628497044384,0.7985106201646689,2026-10-07,synthetic,SPEC_V1
S00467,41,0.7295854167277325,0.04884508626317067,0.8971974138487833,2026-10-07,synthetic,SPEC_V1
S00468,41,1.1377159875952187,0.017119731525587264,1.1258488718180508,2026-10-07,synthetic,SPEC_V1
S00469,41,0.7,0.04259545710320553,0.7351078220893157,2026-10-07,synthetic,SPEC_V1
S00470,41,1.0407089109502885,0.11161393340281411,1.0308450577026513,2026-10-07,synthetic,SPEC_V1
S00471,41,1.377318454228204,0.07387924261224207,1.3320005247296547,2026-10-07,synthetic,SPEC_V1
S00472,41,0.7,0.16981986204704402,0.7544770073293914,2026-10-07,synthetic,SPEC_V1
S00473,41,0.9338316905222844,0.0019513332219088199,0.9804381385668299,2026-10-07,synthetic,SPEC_V1
S00474,41,0.7198123247387406,0.1844036305908085,0.7614727662285325,2026-10-07,synthetic,SPEC_V1
S00475,41,1.185148242178923,0.1330530980983081,1.1305979805060884,2026-10-07,synthetic,SPEC_V1
S00476,41,1.0059903138382744,0.11653701820814287,1.0055416525025036,2026-10-07,synthetic,SPEC_V1
S00477,41,1.1513160787649723,0.19936586764197395,1.1214132138811976,2026-10-07,synthetic,SPEC_V1
S00478,41,1.3674797046095002,0.08102761214672133,1.325670946212468,2026-10-07,synthetic,SPEC_V1
S00479,41,1.1508008053422443,0.07780368058749054,1.1182097325688911,2026-10-07,synthetic,SPEC_V1
S00480,41,0.9584515706326201,0.12894686417776324,0.9685942240260715,2026-10-07,synthetic,SPEC_V1
S00481,41,0.8252225156047169,0.09268956657721307,0.8451693684757526,2026-10-07,synthetic,SPEC_V1
S00482,41,0.7,0.05727353603775642,0.7980435999828112,2026-10-07,synthetic,SPEC_V1
S00483,41,0.7214039934495043,0.12614779345396945,0.7651783952365875,2026-10-07,synthetic,SPEC_V1
S00484,41,1.268886794889974,0.013418907447592705,1.2493087889438421,2026-10-07,synthetic,SPEC_V1
S00485,41,0.8057503912401017,0.03233154865697104,0.8227327595523632,2026-10-07,synthetic,SPEC_V1
S00486,41,1.321527476754783,0.14655969926786627,1.2343098435060043,2026-10-07,synthetic,SPEC_V1
S00487,41,1.263433739640575,0.07755378330304248,1.238100659716833,2026-10-07,synthetic,SPEC_V1
S00488,41,1.2076191055038266,0.056842805815291345,1.149641677235228,2026-10-07,synthetic,SPEC_V1
S00489,41,0.7,0.08730667398115971,0.8914381491462874,2026-10-07,synthetic,SPEC_V1
S00490,41,0.7670308415827608,0.18981981060216402,0.9480422500502681,2026-10-07,synthetic,SPEC_V1
S00491,41,0.7,0.18923458265300067,0.7614079090707879,2026-10-07,synthetic,SPEC_V1
S00492,41,1.1719280722404228,0.0299335143123777,1.14376892217883,2026-10-07,synthetic,SPEC_V1
S00493,41,1.3411442856726183,0.19903725311210896,1.272329807397906,2026-10-07,synthetic,SPEC_V1
S00494,41,0.9448156806661852,0.05381333812995334,0.9627577688280612,2026-10-07,synthetic,SPEC_V1
S00495,41,0.7460593198535386,0.021361330318727483,0.8329038799751194,2026-10-07,synthetic,SPEC_V1
S00496,41,1.1013095273571214,0.1269558408845963,1.031016198816306,2026-10-07,synthetic,SPEC_V1
S00497,41,1.3951649874031085,0.0975994255198609,1.204000475382922,2026-10-07,synthetic,SPEC_V1
S00498,41,0.8184653413207099,0.12457103423630791,0.8377045434973034,2026-10-07,synthetic,SPEC_V1
S00499,41,1.0593598910065853,0.048489960104600494,1.048185689179256,2026-10-07,synthetic,SPEC_V1
