assumption,label,level,kind,is_nominal,patches,median_yield,median_yield_std_over_scenarios,c1_yield,c1_feasible,c1_f5_fires,c1_c2_yield,c1_c2_feasible,c1_c2_f5_fires,median_yield_delta_pct,c1_yield_delta_pct,c1_c2_yield_delta_pct,simulated,simulator_version
beta,beta (biodegradability),0.85,constant,False,{'BETA': 0.85},62.400000000000006,121.00386368022374,455.56457113977336,True,True,444.3951077493371,True,False,-10.537634408602143,-10.262162181311325,-10.499110743331963,SIMULATED,SPEC_V1
beta,beta (biodegradability),0.95,constant,True,{'BETA': 0.95},69.75,135.23942836353748,507.6616310504621,True,True,496.52591325088827,True,False,0.0,0.0,0.0,SIMULATED,SPEC_V1
beta,beta (biodegradability),1.00,constant,False,{'BETA': 1.0},73.45,142.25334625816922,534.3806642636441,True,True,522.6588560535666,True,False,5.304659498207889,5.2631578947368,5.2631578947368505,SIMULATED,SPEC_V1
eta_lcfa,eta (LCFA partition),0.005,constant,False,{'ETA_LCFA': 0.005},73.25,140.24225285477672,541.0891913459355,True,True,534.505077870342,True,False,5.017921146953405,6.58461428851823,7.648979359565338,SIMULATED,SPEC_V1
eta_lcfa,eta (LCFA partition),0.012,constant,True,{'ETA_LCFA': 0.012},69.75,135.23942836353748,507.6616310504621,True,True,496.52591325088827,True,False,0.0,0.0,0.0,SIMULATED,SPEC_V1
eta_lcfa,eta (LCFA partition),0.030,constant,False,{'ETA_LCFA': 0.03},52.95,113.61742208236628,420.7883028967085,True,False,420.80587332773604,True,False,-24.08602150537634,-17.11244711836777,-15.24996740399566,SIMULATED,SPEC_V1
lcfa_half,LCFA half-saturation,0.8,constant,False,{'C_LCFA_HALF': 0.8},67.0,128.72734537302924,470.6398782166017,True,False,464.2723715354173,True,False,-3.942652329749104,-7.292604083009857,-6.495842584387671,SIMULATED,SPEC_V1
lcfa_half,LCFA half-saturation,1.2,constant,True,{'C_LCFA_HALF': 1.2},69.75,135.23942836353748,507.6616310504621,True,True,496.52591325088827,True,False,0.0,0.0,0.0,SIMULATED,SPEC_V1
lcfa_half,LCFA half-saturation,2.0,constant,False,{'C_LCFA_HALF': 2.0},72.4,139.09699053575682,529.126890142215,True,False,535.9648513544574,True,True,3.799283154121872,4.228261065808058,7.942976801623881,SIMULATED,SPEC_V1
tan_half,TAN half-saturation,4.0,constant,False,{'C_TAN_HALF': 4.0},53.650000000000006,123.0989391469986,503.3501878563608,True,False,502.25291596846324,True,True,-23.082437275985658,-0.849274975770777,1.1534146687488582,SIMULATED,SPEC_V1
tan_half,TAN half-saturation,6.0,constant,True,{'C_TAN_HALF': 6.0},69.75,135.23942836353748,507.6616310504621,True,True,496.52591325088827,True,False,0.0,0.0,0.0,SIMULATED,SPEC_V1
tan_half,TAN half-saturation,10.0,constant,False,{'C_TAN_HALF': 10.0},81.5,144.01862749401914,506.27000610911654,True,True,508.6852718096813,True,True,16.845878136200717,-0.2741245066061047,2.448887003536724,SIMULATED,SPEC_V1
k_ref,k_ref,0.10,constant,False,{'K_REF': 0.1},45.8,113.609340115529,480.5005477603365,True,False,472.2435831606108,True,False,-34.33691756272402,-5.350233625874673,-4.890445683145628,SIMULATED,SPEC_V1
k_ref,k_ref,0.18,constant,True,{'K_REF': 0.18},69.75,135.23942836353748,507.6616310504621,True,True,496.52591325088827,True,False,0.0,0.0,0.0,SIMULATED,SPEC_V1
k_ref,k_ref,0.25,constant,False,{'K_REF': 0.25},85.30000000000001,143.30393753590016,509.48358323828325,True,False,511.4313519524112,True,True,22.293906810035857,0.3588910558497617,3.0019457804192005,SIMULATED,SPEC_V1
sigma_t_meso,sigma_T mesophilic,7.0,constant,False,{'T_MESO_SIGMA': 7.0},62.45,128.75281379059638,506.6480745423674,True,True,504.6870920205064,True,False,-10.465949820788527,-0.19965198197024556,1.6436561621093837,SIMULATED,SPEC_V1
sigma_t_meso,sigma_T mesophilic,10.0,constant,True,{'T_MESO_SIGMA': 10.0},69.75,135.23942836353748,507.6616310504621,True,True,496.52591325088827,True,False,0.0,0.0,0.0,SIMULATED,SPEC_V1
sigma_t_meso,sigma_T mesophilic,14.0,constant,False,{'T_MESO_SIGMA': 14.0},73.0,138.95107826441424,504.9829232020933,True,False,508.1472584234044,True,False,4.659498207885305,-0.5276561560947627,2.340531453117541,SIMULATED,SPEC_V1
ts_shape,TS shape,12.0,constant,True,"{'TS_SHAPE': 'peak', 'TS_CENTRE': 12.0}",69.75,135.23942836353748,507.6616310504621,True,True,496.52591325088827,True,False,0.0,0.0,0.0,SIMULATED,SPEC_V1
ts_shape,TS shape,monotone,structural,False,{'TS_SHAPE': 'monotone'},24.300000000000004,68.90296098259257,344.62478134273454,True,False,344.32025956613,True,False,-65.16129032258064,-32.11525940425494,-30.65412088731221,SIMULATED,SPEC_V1
ts_shape,TS shape,20.0,constant,False,"{'TS_SHAPE': 'peak', 'TS_CENTRE': 20.0}",52.45,98.3513886553808,448.5005083337719,True,False,448.633914896248,True,False,-24.80286738351254,-11.653652570566148,-9.645417706616467,SIMULATED,SPEC_V1
pretreatment_response,pre-treatment response distribution,0.90,constant,False,{'RESPONSE_CENTRE': 0.9},64.4,127.44544581614956,507.6616310504621,True,True,496.52591325088827,True,False,-7.67025089605734,0.0,0.0,SIMULATED,SPEC_V1
pretreatment_response,pre-treatment response distribution,1.00,constant,True,{'RESPONSE_CENTRE': 1.0},69.75,135.23942836353748,507.6616310504621,True,True,496.52591325088827,True,False,0.0,0.0,0.0,SIMULATED,SPEC_V1
pretreatment_response,pre-treatment response distribution,1.10,constant,False,{'RESPONSE_CENTRE': 1.1},76.60000000000001,143.9049487650661,507.6616310504621,True,True,496.52591325088827,True,False,9.820788530465963,0.0,0.0,SIMULATED,SPEC_V1
noise_scale,noise scale,0.5,constant,False,{'NOISE_SCALE': 0.5},68.30000000000001,134.48069797809163,507.6616310504621,True,True,496.52591325088827,True,False,-2.0788530465949657,0.0,0.0,SIMULATED,SPEC_V1
noise_scale,noise scale,1.0,constant,True,{'NOISE_SCALE': 1.0},69.75,135.23942836353748,507.6616310504621,True,True,496.52591325088827,True,False,0.0,0.0,0.0,SIMULATED,SPEC_V1
noise_scale,noise scale,2.0,constant,False,{'NOISE_SCALE': 2.0},72.15,137.3550266336333,507.6616310504621,True,True,496.52591325088827,True,False,3.4408602150537715,0.0,0.0,SIMULATED,SPEC_V1
missingness,missingness rate,0.0,constant,False,"{'MISSING_RATE_PH': 0.0, 'MISSING_RATE_TEMP': 0.0}",69.75,135.23942836353748,507.6616310504621,True,True,496.52591325088827,True,False,0.0,0.0,0.0,SIMULATED,SPEC_V1
missingness,missingness rate,0.02,constant,True,"{'MISSING_RATE_PH': 0.02, 'MISSING_RATE_TEMP': 0.015}",69.75,135.23942836353748,507.6616310504621,True,True,496.52591325088827,True,False,0.0,0.0,0.0,SIMULATED,SPEC_V1
missingness,missingness rate,0.05,constant,False,"{'MISSING_RATE_PH': 0.05, 'MISSING_RATE_TEMP': 0.05}",69.75,135.23942836353748,507.6616310504621,True,True,496.52591325088827,True,False,0.0,0.0,0.0,SIMULATED,SPEC_V1
