model,feature,importance_mean,importance_std,n_repeats,label,simulated,simulator_version
dummy,carb_fraction,0.0,0.0,5,what the model used (permutation importance on the test split) - not what drives the biology,SIMULATED,SPEC_V1
dummy,protein_fraction,0.0,0.0,5,what the model used (permutation importance on the test split) - not what drives the biology,SIMULATED,SPEC_V1
dummy,lipid_fraction,0.0,0.0,5,what the model used (permutation importance on the test split) - not what drives the biology,SIMULATED,SPEC_V1
dummy,total_solids_pct,0.0,0.0,5,what the model used (permutation importance on the test split) - not what drives the biology,SIMULATED,SPEC_V1
dummy,temperature_c,0.0,0.0,5,what the model used (permutation importance on the test split) - not what drives the biology,SIMULATED,SPEC_V1
dummy,ph_measured,0.0,0.0,5,what the model used (permutation importance on the test split) - not what drives the biology,SIMULATED,SPEC_V1
dummy,olr_kg_vs_m3_d,0.0,0.0,5,what the model used (permutation importance on the test split) - not what drives the biology,SIMULATED,SPEC_V1
dummy,hrt_days,0.0,0.0,5,what the model used (permutation importance on the test split) - not what drives the biology,SIMULATED,SPEC_V1
dummy,inoculum_ratio,0.0,0.0,5,what the model used (permutation importance on the test split) - not what drives the biology,SIMULATED,SPEC_V1
dummy,pretreatment_hours,0.0,0.0,5,what the model used (permutation importance on the test split) - not what drives the biology,SIMULATED,SPEC_V1
dummy,pretreatment_temp_c,0.0,0.0,5,what the model used (permutation importance on the test split) - not what drives the biology,SIMULATED,SPEC_V1
ridge,carb_fraction,0.011107466428900948,0.0022576709093828176,5,what the model used (permutation importance on the test split) - not what drives the biology,SIMULATED,SPEC_V1
ridge,protein_fraction,0.004536748719065287,0.002736393855675549,5,what the model used (permutation importance on the test split) - not what drives the biology,SIMULATED,SPEC_V1
ridge,lipid_fraction,-0.005866277284492139,0.0008415476040920621,5,what the model used (permutation importance on the test split) - not what drives the biology,SIMULATED,SPEC_V1
ridge,total_solids_pct,0.025526749368913325,0.006547978554979253,5,what the model used (permutation importance on the test split) - not what drives the biology,SIMULATED,SPEC_V1
ridge,temperature_c,0.005000413552063909,0.0014617635564192983,5,what the model used (permutation importance on the test split) - not what drives the biology,SIMULATED,SPEC_V1
ridge,ph_measured,0.2819494044155534,0.017825447415038293,5,what the model used (permutation importance on the test split) - not what drives the biology,SIMULATED,SPEC_V1
ridge,olr_kg_vs_m3_d,0.18238029718937793,0.025141060281246845,5,what the model used (permutation importance on the test split) - not what drives the biology,SIMULATED,SPEC_V1
ridge,hrt_days,0.019577290939225313,0.0069948281878167975,5,what the model used (permutation importance on the test split) - not what drives the biology,SIMULATED,SPEC_V1
ridge,inoculum_ratio,0.0011120581174418164,0.0010507543559145596,5,what the model used (permutation importance on the test split) - not what drives the biology,SIMULATED,SPEC_V1
ridge,pretreatment_hours,-0.004505848580305716,0.0016608016979780765,5,what the model used (permutation importance on the test split) - not what drives the biology,SIMULATED,SPEC_V1
ridge,pretreatment_temp_c,0.0026084984385961406,0.003268466861419774,5,what the model used (permutation importance on the test split) - not what drives the biology,SIMULATED,SPEC_V1
random_forest,carb_fraction,-0.0004777276462816671,0.0017603973165904291,5,what the model used (permutation importance on the test split) - not what drives the biology,SIMULATED,SPEC_V1
random_forest,protein_fraction,0.028547823175750643,0.0030964508430642024,5,what the model used (permutation importance on the test split) - not what drives the biology,SIMULATED,SPEC_V1
random_forest,lipid_fraction,0.0031485054184506645,0.0012736323574548685,5,what the model used (permutation importance on the test split) - not what drives the biology,SIMULATED,SPEC_V1
random_forest,total_solids_pct,0.08059494152179907,0.012996675347432055,5,what the model used (permutation importance on the test split) - not what drives the biology,SIMULATED,SPEC_V1
random_forest,temperature_c,0.003005483579582813,0.0013695705670174504,5,what the model used (permutation importance on the test split) - not what drives the biology,SIMULATED,SPEC_V1
random_forest,ph_measured,0.9139389091413139,0.04144526028556996,5,what the model used (permutation importance on the test split) - not what drives the biology,SIMULATED,SPEC_V1
random_forest,olr_kg_vs_m3_d,0.5400300607135684,0.03961062520635074,5,what the model used (permutation importance on the test split) - not what drives the biology,SIMULATED,SPEC_V1
random_forest,hrt_days,0.06199546141978216,0.008110049836385904,5,what the model used (permutation importance on the test split) - not what drives the biology,SIMULATED,SPEC_V1
random_forest,inoculum_ratio,-0.00657925015076184,0.0010816890758007015,5,what the model used (permutation importance on the test split) - not what drives the biology,SIMULATED,SPEC_V1
random_forest,pretreatment_hours,-0.001930333473165935,0.0017699661023472637,5,what the model used (permutation importance on the test split) - not what drives the biology,SIMULATED,SPEC_V1
random_forest,pretreatment_temp_c,5.7332245797114825e-05,0.0023319262180545772,5,what the model used (permutation importance on the test split) - not what drives the biology,SIMULATED,SPEC_V1
hist_gradient_boosting,carb_fraction,0.004838011388220575,0.0031033473979254723,5,what the model used (permutation importance on the test split) - not what drives the biology,SIMULATED,SPEC_V1
hist_gradient_boosting,protein_fraction,0.012891814760071663,0.003943674156128429,5,what the model used (permutation importance on the test split) - not what drives the biology,SIMULATED,SPEC_V1
hist_gradient_boosting,lipid_fraction,-0.004731649697893326,0.0023332175855707237,5,what the model used (permutation importance on the test split) - not what drives the biology,SIMULATED,SPEC_V1
hist_gradient_boosting,total_solids_pct,0.06727838843827827,0.009827191600458252,5,what the model used (permutation importance on the test split) - not what drives the biology,SIMULATED,SPEC_V1
hist_gradient_boosting,temperature_c,0.006210970799300086,0.0018808937395269044,5,what the model used (permutation importance on the test split) - not what drives the biology,SIMULATED,SPEC_V1
hist_gradient_boosting,ph_measured,0.9196839059344846,0.0497167744238962,5,what the model used (permutation importance on the test split) - not what drives the biology,SIMULATED,SPEC_V1
hist_gradient_boosting,olr_kg_vs_m3_d,0.5470990123753797,0.03598537709348053,5,what the model used (permutation importance on the test split) - not what drives the biology,SIMULATED,SPEC_V1
hist_gradient_boosting,hrt_days,0.06468482380065407,0.013804937897737443,5,what the model used (permutation importance on the test split) - not what drives the biology,SIMULATED,SPEC_V1
hist_gradient_boosting,inoculum_ratio,-0.0001934434022338838,0.0016786412222337718,5,what the model used (permutation importance on the test split) - not what drives the biology,SIMULATED,SPEC_V1
hist_gradient_boosting,pretreatment_hours,-0.004045960954261907,0.0024955979036220635,5,what the model used (permutation importance on the test split) - not what drives the biology,SIMULATED,SPEC_V1
hist_gradient_boosting,pretreatment_temp_c,0.005531460341308425,0.002296528120880551,5,what the model used (permutation importance on the test split) - not what drives the biology,SIMULATED,SPEC_V1
mlp,carb_fraction,-0.0059507046898220175,0.007094907244057683,5,what the model used (permutation importance on the test split) - not what drives the biology,SIMULATED,SPEC_V1
mlp,protein_fraction,0.0009656180579546092,0.004182596675604676,5,what the model used (permutation importance on the test split) - not what drives the biology,SIMULATED,SPEC_V1
mlp,lipid_fraction,-0.017695737122113052,0.0036991396727293776,5,what the model used (permutation importance on the test split) - not what drives the biology,SIMULATED,SPEC_V1
mlp,total_solids_pct,0.0752179593995785,0.013177262921774386,5,what the model used (permutation importance on the test split) - not what drives the biology,SIMULATED,SPEC_V1
mlp,temperature_c,-0.0008146481091289237,0.007058280451595491,5,what the model used (permutation importance on the test split) - not what drives the biology,SIMULATED,SPEC_V1
mlp,ph_measured,1.046126924330125,0.050924905555123315,5,what the model used (permutation importance on the test split) - not what drives the biology,SIMULATED,SPEC_V1
mlp,olr_kg_vs_m3_d,0.6685746198557652,0.02981482133776856,5,what the model used (permutation importance on the test split) - not what drives the biology,SIMULATED,SPEC_V1
mlp,hrt_days,0.0488420311745684,0.007265890899591477,5,what the model used (permutation importance on the test split) - not what drives the biology,SIMULATED,SPEC_V1
mlp,inoculum_ratio,0.002421133491254701,0.0008070459584307649,5,what the model used (permutation importance on the test split) - not what drives the biology,SIMULATED,SPEC_V1
mlp,pretreatment_hours,-0.023438692644390267,0.004232924177754409,5,what the model used (permutation importance on the test split) - not what drives the biology,SIMULATED,SPEC_V1
mlp,pretreatment_temp_c,0.0014208796224453256,0.0026762454199349846,5,what the model used (permutation importance on the test split) - not what drives the biology,SIMULATED,SPEC_V1
