seed,model,split,r2,mae,rmse,n,target_std,simulated,simulator_version
11,dummy,ood,-2.4961966680133645,79.10026605392159,86.91512141826126,480,46.483349391580234,SIMULATED,SPEC_V1
11,ridge,ood,-0.7598671339733936,58.002869594075605,61.66480383899849,480,46.483349391580234,SIMULATED,SPEC_V1
11,random_forest,ood,-2.7749057705131506,79.02986981460671,90.31304215018653,480,46.483349391580234,SIMULATED,SPEC_V1
11,hist_gradient_boosting,ood,-4.613159708186701,90.86344713014618,110.12885235248216,480,46.483349391580234,SIMULATED,SPEC_V1
11,mlp,ood,-1.094390207563214,55.30188149144836,67.27074126196484,480,46.483349391580234,SIMULATED,SPEC_V1
23,dummy,ood,-1.8430789116360882,80.84326801470588,88.5855710024031,480,52.53739461716505,SIMULATED,SPEC_V1
23,ridge,ood,-0.36742812801399793,57.164472710413094,61.43569652395367,480,52.53739461716505,SIMULATED,SPEC_V1
23,random_forest,ood,-7.939771337722846,124.86413619324351,157.08392241059948,480,52.53739461716505,SIMULATED,SPEC_V1
23,hist_gradient_boosting,ood,-3.442693022045604,86.13051743364346,110.73672741680447,480,52.53739461716505,SIMULATED,SPEC_V1
23,mlp,ood,-1.5258303783512854,67.76663961500091,83.49695216381646,480,52.53739461716505,SIMULATED,SPEC_V1
37,dummy,ood,-2.346472431134503,82.2567106617647,91.00485752146193,480,49.747464214670586,SIMULATED,SPEC_V1
37,ridge,ood,-1.341399130100858,69.07061331908963,76.12173434432033,480,49.747464214670586,SIMULATED,SPEC_V1
37,random_forest,ood,-1.9481428840820887,67.67357645222441,85.41717665769505,480,49.747464214670586,SIMULATED,SPEC_V1
37,hist_gradient_boosting,ood,-2.573470460520331,71.71803921973031,94.04074186250263,480,49.747464214670586,SIMULATED,SPEC_V1
37,mlp,ood,-1.9986366032594796,66.82225811209206,86.14555379829794,480,49.747464214670586,SIMULATED,SPEC_V1
41,dummy,ood,-3.840451917546315,90.96538884803924,98.3235678677378,480,44.69044449312465,SIMULATED,SPEC_V1
41,ridge,ood,-0.9652208793400403,57.84996316975974,62.64989666474453,480,44.69044449312465,SIMULATED,SPEC_V1
41,random_forest,ood,-5.444812703343865,97.19915231126515,113.45400320071549,480,44.69044449312465,SIMULATED,SPEC_V1
41,hist_gradient_boosting,ood,-5.177399523327319,92.91355697371395,111.07530624758117,480,44.69044449312465,SIMULATED,SPEC_V1
41,mlp,ood,-13.688185284970345,160.39637244717605,171.2768808509524,480,44.69044449312465,SIMULATED,SPEC_V1
59,dummy,ood,-2.065567290492548,76.02800674019609,84.46299401723195,480,48.240416117838606,SIMULATED,SPEC_V1
59,ridge,ood,0.508187915887077,27.182096843580975,33.830673441112786,480,48.240416117838606,SIMULATED,SPEC_V1
59,random_forest,ood,-1.2619018347669124,59.22369765080511,72.55175490777108,480,48.240416117838606,SIMULATED,SPEC_V1
59,hist_gradient_boosting,ood,-0.5379879855782974,46.9126221381997,59.82566252047296,480,48.240416117838606,SIMULATED,SPEC_V1
59,mlp,ood,-7.862034430429938,132.85918460632558,143.60771163219786,480,48.240416117838606,SIMULATED,SPEC_V1
