model,split,metric,mean,std,minimum,maximum,n_seeds,n_finite,simulated,simulator_version
dummy,test,r2,-0.03220462923352323,0.015772772035484498,-0.04393366110245256,-0.010302146854250571,5,5,SIMULATED,SPEC_V1
dummy,test,mae,112.17182864705883,6.975848016038908,101.78958254901961,118.62281323529413,5,5,SIMULATED,SPEC_V1
dummy,test,rmse,131.08549478421466,9.988320288542075,113.78875553467002,138.0037827889437,5,5,SIMULATED,SPEC_V1
dummy,validation,r2,-0.003057999462451466,0.0032348581692687494,-0.008350763454559873,-0.00013041653937340136,5,5,SIMULATED,SPEC_V1
dummy,validation,mae,108.44585233333332,6.356997499690121,102.65770784313726,119.03107411764708,5,5,SIMULATED,SPEC_V1
dummy,validation,rmse,126.72033261535276,8.269299785752,118.84480330559913,140.56179781201647,5,5,SIMULATED,SPEC_V1
hist_gradient_boosting,test,r2,0.8123691926311192,0.03895721408603585,0.775302401541915,0.8663790611571041,5,5,SIMULATED,SPEC_V1
hist_gradient_boosting,test,mae,36.74299173864514,5.330914178473461,30.683817761509204,42.36824349414894,5,5,SIMULATED,SPEC_V1
hist_gradient_boosting,test,rmse,55.562691642542575,6.825955535497115,47.73843972201237,63.87468410765381,5,5,SIMULATED,SPEC_V1
hist_gradient_boosting,validation,r2,0.9936208333464421,0.001453621428474878,0.9912887356039727,0.9949360639500061,5,5,SIMULATED,SPEC_V1
hist_gradient_boosting,validation,mae,5.605607473030026,0.6487054016652146,4.900674987446029,6.390823700618831,5,5,SIMULATED,SPEC_V1
hist_gradient_boosting,validation,rmse,10.071338132686883,1.4059992613998016,8.44461679960019,11.583316219886681,5,5,SIMULATED,SPEC_V1
mlp,test,r2,0.6947159514545753,0.08166283875947228,0.583137953350298,0.7672674188913683,5,5,SIMULATED,SPEC_V1
mlp,test,mae,52.52663073597895,7.99989187549962,43.58492624748132,65.44067739509389,5,5,SIMULATED,SPEC_V1
mlp,test,rmse,70.5615858560817,8.95156310515997,64.47854200731179,86.11925100454202,5,5,SIMULATED,SPEC_V1
mlp,validation,r2,0.9198573373126854,0.03952653857736032,0.8889924950626803,0.9888248121884159,5,5,SIMULATED,SPEC_V1
mlp,validation,mae,24.4684977371361,8.46916904211084,9.68502166197349,30.813462185480972,5,5,SIMULATED,SPEC_V1
mlp,validation,rmse,33.65007131998904,10.65240402732345,14.85350765297135,40.977334431125435,5,5,SIMULATED,SPEC_V1
random_forest,test,r2,0.7784540416650853,0.02139894803668268,0.761178786090718,0.8054725323252844,5,5,SIMULATED,SPEC_V1
random_forest,test,mae,39.03178119279715,5.157024669828457,34.23307051517784,45.801212356589424,5,5,SIMULATED,SPEC_V1
random_forest,test,rmse,60.62736366746062,4.926321007494635,54.42511404716284,65.99360820390653,5,5,SIMULATED,SPEC_V1
random_forest,validation,r2,0.9899142600837691,0.0034589287558463616,0.9875054702415277,0.9959357865257966,5,5,SIMULATED,SPEC_V1
random_forest,validation,mae,5.664258140306525,1.2151929514296251,4.014726958300483,7.212849143299759,5,5,SIMULATED,SPEC_V1
random_forest,validation,rmse,12.516753180351213,2.7749333394551896,8.07947428483949,15.70585439365483,5,5,SIMULATED,SPEC_V1
ridge,test,r2,0.4540072355451885,0.114309142089655,0.32881358431638874,0.6147920629184882,5,5,SIMULATED,SPEC_V1
ridge,test,mae,69.92604296887275,9.810979002429335,58.295821694596086,81.87435053980087,5,5,SIMULATED,SPEC_V1
ridge,test,rmse,94.91095429139432,12.957600300855555,82.4309485469432,110.70808883265522,5,5,SIMULATED,SPEC_V1
ridge,validation,r2,0.5228584422139066,0.06007057764298468,0.46045106637240263,0.6091711206022898,5,5,SIMULATED,SPEC_V1
ridge,validation,mae,63.93936382324726,6.37394285731538,57.034314136212124,72.46955719505762,5,5,SIMULATED,SPEC_V1
ridge,validation,rmse,87.4370753504553,10.136275913274519,74.18723147467436,101.80854092974867,5,5,SIMULATED,SPEC_V1
