tier,arm,model,true_yield,predicted_yield,gap,f5_fires,carb_fraction,protein_fraction,lipid_fraction,total_solids_pct,temperature_c,ph_measured,olr_kg_vs_m3_d,hrt_days,inoculum_ratio,pretreatment_hours,pretreatment_temp_c,simulated,simulator_version
C1,true,-,513.9167518545333,,,True,0.6476439173289923,0.05452864294367415,0.29782743972733355,10.542216553485947,34.58841521569542,7.0,2.3344700600837522,30.0,2.0,0.1990505838110812,26.457754184681242,SIMULATED,SPEC_V1
C1,random_search,-,439.19330481957405,,,True,0.7115238088877808,0.09599247444257526,0.19248371666964398,14.441868208359402,55.044773127216104,7.0,2.50824223431588,30.0,2.0,4.38713308892952,29.561905060391453,SIMULATED,SPEC_V1
C1,baseline,-,313.6987907296185,,,False,0.3333333333333333,0.3333333333333333,0.3333333333333334,12.0,35.0,7.0,2.5,30.0,2.0,0.0,30.0,SIMULATED,SPEC_V1
C1,surrogate,dummy,314.2144713403706,115.14861764705884,-199.06585369331177,True,0.6620710519158051,0.14910919639941134,0.1888197516847836,12.870878750634589,28.823350715880206,7.0,1.2407020367011956,30.0,2.0,93.70809708024805,26.12353072883129,SIMULATED,SPEC_V1
C1,surrogate,ridge,212.07659009712853,312.17222641984,100.09563632271147,True,0.74,0.05,0.21000000000000002,5.0,60.0,7.0,0.5,30.0,2.0,0.0,25.0,SIMULATED,SPEC_V1
C1,surrogate,random_forest,420.1668039848314,496.7396180555551,76.57281407072372,False,0.6213206128160692,0.15034133612237635,0.22833805106155444,9.112375454929538,58.982614033450375,7.0,2.169909704392137,30.0,2.0,70.65380707043704,32.19926859420141,SIMULATED,SPEC_V1
C1,surrogate,hist_gradient_boosting,429.1623229151605,510.65817487404047,81.49585195888,False,0.6390712879005065,0.14000022741356696,0.22092848468592655,9.555090377854466,35.90954412893573,7.0,2.196336867197739,30.0,2.0,60.23001728670951,25.51718161733671,SIMULATED,SPEC_V1
C1,surrogate,mlp,343.994796643512,524.1900284825861,180.19523183907404,True,0.7398715225073256,0.05627877848243542,0.203849699010239,14.80765231594255,20.781223960643853,7.0,1.8200358538167354,30.0,2.0,87.46838545504288,25.02674783390958,SIMULATED,SPEC_V1
C1+C2,true,-,513.7612822725584,,,True,0.6470951986032742,0.05515935885221113,0.2977454425445146,10.427401528767337,34.96561103411908,7.181451780493064,2.327974776090331,38.75997688506963,2.0,0.2152721015821868,34.01061658861787,SIMULATED,SPEC_V1
C1+C2,random_search,-,439.9232799460675,,,False,0.6986185688863712,0.07142713392088557,0.22995429719274324,11.72410751185683,34.04028053566407,6.996972483911806,1.9250363225044356,16.601296364196628,2.0,1.343244840888481,25.685899436957637,SIMULATED,SPEC_V1
C1+C2,baseline,-,313.6987907296185,,,False,0.3333333333333333,0.3333333333333333,0.3333333333333334,12.0,35.0,7.0,2.5,30.0,2.0,0.0,30.0,SIMULATED,SPEC_V1
C1+C2,surrogate,dummy,17.992367972843144,115.14861764705884,97.1562496742157,True,0.6420211214653612,0.12708985631334696,0.23088902222129187,12.842311580797256,48.84014221427782,8.494425831541921,1.2414704714806515,16.83925515933662,2.0,60.93918792535863,29.371983831896483,SIMULATED,SPEC_V1
C1+C2,surrogate,ridge,25.22770145575436,430.16720446081354,404.9395030050592,True,0.74,0.05,0.21000000000000002,5.0,60.0,8.5,0.5,40.0,2.0,0.0,25.0,SIMULATED,SPEC_V1
C1+C2,surrogate,random_forest,421.16328906553395,517.4291346861474,96.2658456206135,False,0.6251306087114992,0.1467942867718972,0.22807510451660362,9.043198284758612,59.41409312089131,7.523416020191109,2.201515888819866,29.198102888341353,2.0,61.18615841593339,32.18594837065461,SIMULATED,SPEC_V1
C1+C2,surrogate,hist_gradient_boosting,429.6560454686258,509.42901076466956,79.77296529604376,False,0.6353005145279979,0.14331327923390022,0.22138620623810193,10.156773046052514,34.464487541040796,7.4830148994321934,2.1991754119854203,31.99300437874856,2.0,62.59790664737929,30.401197231159298,SIMULATED,SPEC_V1
C1+C2,surrogate,mlp,360.737225827375,584.1300379621248,223.39281213474976,True,0.7383038008097038,0.05,0.2116961991902962,17.109154966943535,40.90851138929103,7.482808522810445,2.51967594487766,39.85394800954474,2.0,95.27994188202504,25.05191324384033,SIMULATED,SPEC_V1
